,start,end,volume,StartFR,StopFR,stabilisation time,dead volume 1,Dead Volume 2,GPC Interval,Dead Volume 3,DeadVolume1(min),DeadVolume2(min),DeadVolume3(min),NMR interval,mode
0,1,2,0.9,0.9,0.45,0.3,0.43,0.21,5,0.17,0.9555555555555555,0.4666666666666666,0.37777777777777777,17,GPC and NMR
1,2,3,0.9,0.45,0.15,0.3,0.43,0.21,5,0.17,0.9555555555555555,0.4666666666666666,0.37777777777777777,17,GPC and NMR