,class,name,abbreviation,molecular mass,density,mass (g),volume (mL),moles (mol),Molar (M),eq
0,RAFT,2-(Dodecylthiocarbonothioylthio)propionic acid,DoPAT,350.6,,12.0,,0.034227039361095266,1.426126640045636,1.0
1,monomer,Methyl Acrylate,MA,86.09,0.95,11.399999999999999,12.0,0.13241956092461377,5.51748170519224,3.868858171680799
2,initiator,Azobisisobutyronitrile,AIBN,164.21,,12.0,,0.07307715729858108,3.044881554107545,2.1350709457402104
3,solvent,Dimethyl sulfoxide,DMSO,78.13,1.1,13.200000000000001,12.0,0.16894918725201588,7.039549468833995,4.936132087546397
