,start,end,volume,StartFR,StopFR,stabilisation time,dead volume 1,Dead Volume 2,GPC Interval,Dead Volume 3,DeadVolume1(min),DeadVolume2(min),DeadVolume3(min),NMR interval,mode
0,10,20,0.9,0.09,0.045,1.3,0.43,0.21,5,0.17,9.555555555555555,4.666666666666667,3.777777777777778,17,GPC and NMR
1,20,30,0.9,0.045,0.030000000000000002,1.3,0.43,0.21,5,0.17,14.333333333333332,6.999999999999999,5.666666666666667,17,GPC and NMR
