,start,end,volume,StartFR,StopFR,stabilisation time,dead volume 1,Dead Volume 2,GPC Interval,Dead Volume 3,DeadVolume1(min),DeadVolume2(min),DeadVolume3(min),NMR interval,mode
0,2,4,0.9,0.45,0.225,1.3,0.34,0.21,3,0.17,1.511111111111111,0.9333333333333332,0.7555555555555555,17,GPC and NMR
1,4,8,0.9,0.225,0.1125,1.3,0.34,0.21,3,0.17,3.022222222222222,1.8666666666666665,1.511111111111111,17,GPC and NMR
2,8,16,0.9,0.1125,0.05625,1.3,0.34,0.21,3,0.17,6.044444444444444,3.733333333333333,3.022222222222222,17,GPC and NMR
3,16,30,0.9,0.05625,0.030000000000000002,1.3,0.34,0.21,3,0.17,11.333333333333334,6.999999999999999,5.666666666666667,17,GPC and NMR
